,x,y
A115,7.522,120.917
A116,8.095,112.019
A133,8.007,124.602
A141,8.829,122.892
A152,8.328,121.228
A173,8.971,123.462
A23,8.581,122.949
A247,7.94,120.31
A257,8.329,123.621
A38,7.443,127.633
A54,7.361,120.141
A77,8.216,123.821
C205,7.574,114.733
D101,8.828,121.38
D110,9.646,132.264
D129,7.42,116.219
D138,7.834,114.867
D161,8.33,117.558
D164,8.126,116.33
D174,8.565,122.066
D179,7.946,128.082
D189,7.365,121.941
D242,7.101,114.766
D32,8.258,118.209
D34,7.487,128.212
D41,7.697,128.94
D52,8.815,121.237
D71,8.368,116.987
D72,8.926,131.663
E106,8.231,119.076
E117,9.385,120.919
E186,8.155,116.232
E204,8.735,124.791
E213,8.845,121.558
E220,8.281,118.332
E233,8.34,121.351
E235,7.3,119.92
E237,8.205,123.39
E238,8.975,130.017
E26,9.33,117.69
E69,8.398,123.987
F130,7.467,119.632
F146,10.068,128.961
F175,7.939,125.238
F178,8.201,118.847
F225,7.059,118.734
F230,8.83,117.176
F259,6.6,117.942
F66,7.173,110.181
F70,8.534,118.907
F93,8.57,113.527
G102,7.622,102.761
G104,8.2,106.244
G128,7.759,107.339
G131,8.011,103.858
G139,7.899,107.602
G144,9.876,114.24
G150,9.07,118.169
G170,8.825,116.86
G182,7.246,102.637
G195,9.366,110.585
G232,8.624,104.791
G25,8.253,108.87
G63,9.652,108.948
G8,8.259,110.907
G81,8.953,106.43
G82,7.033,108.675
G86,7.818,109.497
G98,8.012,107.931
H107,10.66,117.837
H119,8.897,125.862
H122,8.468,124.282
H36,8.642,119.775
H94,8.15,113.091
H96,8.681,114.944
I145,9.095,124.278
I166,7.356,116.341
I209,8.704,127.166
I215,8.865,113.343
I255,8.859,124.379
I33,8.67,128.524
I59,8.992,122.093
I91,8.843,123.111
K111,9.804,109.778
K112,8.193,124.563
K113,7.904,122.088
K126,7.886,122.819
K132,7.688,119.743
K148,8.924,119.265
K153,8.665,123.812
K158,8.671,115.458
K167,7.333,117.432
K169,7.431,120.575
K171,7.742,120.18
K212,7.336,122.285
K224,6.856,115.04
K227,6.796,114.101
K24,7.167,114.759
K251,8.816,114.49
K256,8.734,126.538
K260,7.702,124.393
K39,8.076,122.691
K45,7.415,123.114
K76,7.892,124.14
K80,8.319,121.071
L100,7.28,119.035
L118,9.824,130.451
L120,8.954,123.68
L140,8.784,115.838
L143,8.421,128.237
L147,8.178,120.302
L156,7.49,116.712
L163,7.007,121.68
L183,7.184,117.289
L184,6.587,113.173
L188,8.597,125.618
L202,9.118,120.485
L203,5.923,110.983
L211,8.911,126.588
L223,7.962,120.889
L228,7.049,119.274
L239,8.688,125.973
L250,8.634,125.901
L44,6.967,123.076
L47,8.917,125.938
L57,8.861,117.633
L60,8.646,123.673
L79,8.929,123.438
L84,7.72,120.288
L90,8.5,123.977
M240,8.604,122.959
N124,8.967,119.754
N177,9.663,115.439
N229,8.856,118.409
N231,8.11,110.676
N243,8.351,119.295
N61,8.401,121.244
N62,7.993,123.238
N67,8.962,119.611
Q103,7.803,114.978
Q135,6.549,114.017
Q136,7.496,118.25
Q157,7.739,122.349
Q221,7.477,117.979
Q248,8.647,122.031
Q254,8.541,118.301
Q28,7.686,115.436
Q53,7.979,114.396
Q74,7.624,117.655
Q92,7.339,115.678
R181,8.366,118.423
R226,6.634,109.04
R245,10.399,127.049
R253,7.242,118.48
R27,8.808,120.69
R58,7.134,114.577
R89,8.534,122.745
S105,7.279,107.726
S151,8.277,124.482
S165,7.939,113.533
S172,8.291,113.769
S187,7.55,111.345
S196,8.669,120.562
S216,8.037,116.663
S218,8.361,115.955
S219,9.246,117.277
S258,8.915,116.498
S29,8.028,117.897
S43,8.428,115.277
S48,8.421,119.877
S50,8.323,122.843
S56,9.935,126.419
S73,8.762,115.735
S99,8.349,111.85
T108,7.308,109.261
T125,8.135,117.214
T168,6.532,98.595
T176,8.051,114.91
T192,9.626,115.126
T199,6.937,108.233
T207,8.387,124.957
T35,10.249,122.261
T37,7.569,108.358
T55,9.35,120.663
T87,8.445,116.637
V109,7.572,118.547
V121,9.149,126.496
V134,7.346,108.016
V142,7.154,124.132
V149,8.382,121.257
V159,6.976,113.149
V160,7.234,114.447
V162,7.081,113.913
V206,7.236,118.964
V210,9.67,128.44
V217,8.486,115.844
V222,7.312,114.783
V241,6.679,114.894
V31,6.235,106.97
V49,8.349,127.55
V68,8.587,121.9
V78,8.338,115.794
W123,9.014,119.261
W191,9.499,117.162
W208,8.204,129.39
W244,6.425,114.177
W97,9.466,119.139
Y114,8.123,121.358
Y127,7.557,115.51
Y190,8.712,118.886
Y193,8.002,125.615
Y40,8.646,126.706
Y51,8.936,125.243
Y7,8.649,120.439
Y88,8.404,125.998
