ResidueKey;x;y;order;assigned_to;est_shift;real_shift;pred_x;pred_y;target_x;target_y
Y7;8.649;120.439;7;Y7;0.08488910413003384;0.08488910413003384;8.61;120.062;8.61;120.062
G8;8.259;110.907;8;G8;0.045773791627961004;0.045773791627961004;8.217;110.816;8.217;110.816
A23;8.581;122.949;23;M240;0.0557078091473726;0.03303392195910107;8.569;123.221;8.613;122.99
K24;7.167;114.759;24;K24;0.02000899797591027;0.02000899797591027;7.147;114.756;7.147;114.756
G25;8.253;108.87;25;G25;0.009551963149007846;0.009551963149007846;8.244;108.854;8.244;108.854
E26;9.33;117.69;26;E26;0.040137762767748095;0.040137762767748095;9.35;117.864;9.35;117.864
R27;8.808;120.69;27;R27;0.06255525557457492;0.06255525557457492;8.789;120.988;8.789;120.988
Q28;7.686;115.436;28;Q28;0.04816803919613016;0.04816803919613016;7.648;115.584;7.648;115.584
S29;8.028;117.897;29;na;-1.0;-1.0;;;;
V31;6.235;106.97;31;V31;0.0698996423452915;0.0698996423452915;6.264;106.652;6.264;106.652
D32;8.258;118.209;32;D32;0.0514804817382271;0.0514804817382271;8.222;118.025;8.222;118.025
I33;8.67;128.524;33;I33;0.027394159961569724;0.027394159961569724;8.695;128.58;8.695;128.58
D34;7.487;128.212;34;D34;0.03723761539089206;0.03723761539089206;7.45;128.233;7.45;128.233
T35;10.249;122.261;35;T35;0.0060827625302986455;0.0060827625302986455;10.248;122.231;10.248;122.231
H36;8.642;119.775;36;H36;0.04041237434251863;0.04041237434251863;8.643;119.977;8.643;119.977
T37;7.569;108.358;37;T37;0.03552238730716113;0.03552238730716113;7.584;108.519;7.584;108.519
A38;7.443;127.633;38;A38;0.03116472364709908;0.03116472364709908;7.474;127.649;7.474;127.649
K39;8.076;122.691;39;K39;0.020991426821441988;0.020991426821441988;8.094;122.745;8.094;122.745
Y40;8.646;126.706;40;Y40;0.010983624174195834;0.010983624174195834;8.652;126.66;8.652;126.66
D41;7.697;128.94;41;D41;0.02575732905407816;0.02575732905407816;7.672;128.909;7.672;128.909
S43;8.428;115.277;43;S43;0.021265935201628488;0.021265935201628488;8.439;115.186;8.439;115.186
L44;6.967;123.076;44;L44;0.00975909831900642;0.00975909831900642;6.974;123.11;6.974;123.11
K45;7.415;123.114;45;K45;0.025120509548971118;0.025120509548971118;7.419;123.238;7.419;123.238
L47;8.917;125.938;47;L47;0.020812496246246273;0.020812496246246273;8.924;125.84;8.924;125.84
S48;8.421;119.877;48;S48;0.027202941017472528;0.027202941017472528;8.437;119.767;8.437;119.767
V49;8.349;127.55;49;V49;0.04129213000076396;0.04129213000076396;8.338;127.351;8.338;127.351
S50;8.323;122.843;50;S50;0.02604150533283258;0.02604150533283258;8.344;122.766;8.344;122.766
Y51;8.936;125.243;51;Y51;0.06940720423702595;0.06940720423702595;8.937;125.59;8.937;125.59
D52;8.815;121.237;52;D52;0.021136697944568284;0.021136697944568284;8.803;121.15;8.803;121.15
Q53;7.979;114.396;53;Q53;0.014022838514366814;0.014022838514366814;7.965;114.392;7.965;114.392
A54;7.361;120.141;54;A54;0.012165525060593494;0.012165525060593494;7.363;120.201;7.363;120.201
T55;9.35;120.663;55;T55;0.025644492586130406;0.025644492586130406;9.367;120.759;9.367;120.759
S56;9.935;126.419;56;S56;0.018867962264112165;0.018867962264112165;9.919;126.369;9.919;126.369
L57;8.861;117.633;57;L57;0.060964251820227015;0.060964251820227015;8.801;117.579;8.801;117.579
R58;7.134;114.577;58;R58;0.06792966951192972;0.06792966951192972;7.067;114.521;7.067;114.521
I59;8.992;122.093;59;I59;0.04568851059073622;0.04568851059073622;8.979;122.312;8.979;122.312
L60;8.646;123.673;60;L60;0.025455844122716675;0.025455844122716675;8.628;123.763;8.628;123.763
N61;8.401;121.244;61;N61;0.0850338756026099;0.0850338756026099;8.486;121.232;8.486;121.232
N62;7.993;123.238;62;N62;0.13813037319865418;0.13813037319865418;7.987;123.928;7.987;123.928
G63;9.652;108.948;63;G63;0.20458113304994585;0.20458113304994585;9.54;109.804;9.54;109.804
F66;7.173;110.181;66;F66;0.19185661312553215;0.19185661312553215;6.993;110.513;6.993;110.513
N67;8.962;119.611;67;N67;0.03278658262155317;0.03278658262155317;8.935;119.518;8.935;119.518
V68;8.587;121.9;68;V68;0.17285010847552384;0.17285010847552384;8.751;121.627;8.751;121.627
E69;8.398;123.987;69;E69;0.06606784391820301;0.06606784391820301;8.334;124.069;8.334;124.069
F70;8.534;118.907;70;F70;0.08697953782356016;0.08697953782356016;8.462;119.151;8.462;119.151
D71;8.368;116.987;71;D71;0.025362176562748348;0.025362176562748348;8.344;116.946;8.344;116.946
D72;8.926;131.663;72;D72;0.0459673797382494;0.0459673797382494;8.959;131.503;8.959;131.503
S73;8.762;115.735;73;L140;0.11422714213355833;0.007378346698282196;8.648;115.699;8.758;115.766
Q74;7.624;117.655;74;Q74;0.03827584094438637;0.03827584094438637;7.661;117.606;7.661;117.606
K76;7.892;124.14;76;K76;0.024331050121193704;0.024331050121193704;7.896;124.02;7.896;124.02
A77;8.216;123.821;77;A77;0.015331014317390325;0.015331014317390325;8.212;123.895;8.212;123.895
V78;8.338;115.794;78;V78;0.006135144660071481;0.006135144660071481;8.336;115.765;8.336;115.765
L79;8.929;123.438;79;L79;0.043046021883559576;0.043046021883559576;8.893;123.556;8.893;123.556
K80;8.319;121.071;80;K80;0.02012461179749887;0.02012461179749887;8.31;120.981;8.31;120.981
G81;8.953;106.43;81;G81;0.012081390648429885;0.012081390648429885;8.941;106.423;8.941;106.423
G82;7.033;108.675;82;G82;0.039147924593776876;0.039147924593776876;6.994;108.658;6.994;108.658
L84;7.72;120.288;84;L84;0.016124515496596097;0.016124515496596097;7.706;120.328;7.706;120.328
G86;7.818;109.497;86;G86;0.07536604009764852;0.07536604009764852;7.823;109.873;7.823;109.873
T87;8.445;116.637;87;T87;0.05900813503238412;0.05900813503238412;8.389;116.73;8.389;116.73
Y88;8.404;125.998;88;T207;0.2140412109851732;0.24967891380731222;8.314;125.027;8.467;124.79
R89;8.534;122.745;89;R89;0.04389259618659958;0.04389259618659958;8.548;122.537;8.548;122.537
L90;8.5;123.977;90;L90;0.117438324238725;0.117438324238725;8.605;124.24;8.605;124.24
I91;8.843;123.111;91;I91;0.007249827584155724;0.007249827584155724;8.84;123.078;8.84;123.078
Q92;7.339;115.678;92;Q92;0.006161168720301704;0.006161168720301704;7.334;115.66;7.334;115.66
F93;8.57;113.527;93;F93;0.10921190411306031;0.10921190411306031;8.472;113.286;8.472;113.286
H94;8.15;113.091;94;H94;0.2016882743245139;0.2016882743245139;8.203;114.064;8.203;114.064
H96;8.681;114.944;96;H96;0.16476031075474498;0.16476031075474498;8.549;114.451;8.549;114.451
W97;9.466;119.139;97;W97;0.13927828258562183;0.13927828258562183;9.605;119.095;9.605;119.095
G98;8.012;107.931;98;G128;0.1541212509681908;0.13137336107445832;7.863;108.128;7.915;107.488
S99;8.349;111.85;99;S99;0.0318628310104412;0.0318628310104412;8.378;111.784;8.378;111.784
L100;7.28;119.035;100;L100;0.04137825515896072;0.04137825515896072;7.316;119.137;7.316;119.137
D101;8.828;121.38;101;D101;0.018247191564731653;0.018247191564731653;8.82;121.298;8.82;121.298
G102;7.622;102.761;102;G102;0.005035871324805396;0.005035871324805396;7.627;102.758;7.627;102.758
Q103;7.803;114.978;103;Q103;0.007717512552628665;0.007717512552628665;7.799;115.011;7.799;115.011
G104;8.2;106.244;104;G104;0.03079025819963261;0.03079025819963261;8.206;106.395;8.206;106.395
S105;7.279;107.726;105;S105;0.05327438408841537;0.05327438408841537;7.228;107.649;7.228;107.649
E106;8.231;119.076;106;E106;0.07708333153153027;0.07708333153153027;8.156;118.987;8.156;118.987
H107;10.66;117.837;107;H107;0.05247856705360817;0.05247856705360817;10.705;117.972;10.705;117.972
T108;7.308;109.261;108;T108;0.06816039905986648;0.06816039905986648;7.301;108.922;7.301;108.922
V109;7.572;118.547;109;V109;0.02003397114902623;0.02003397114902623;7.555;118.494;7.555;118.494
D110;9.646;132.264;110;D110;0.004472135954993924;0.004472135954993924;9.648;132.284;9.648;132.284
K111;9.804;109.778;111;K111;0.005635601121443325;0.005635601121443325;9.799;109.765;9.799;109.765
K112;8.193;124.563;112;K112;0.012041594578792702;0.012041594578792702;8.192;124.623;8.192;124.623
K113;7.904;122.088;113;K113;0.034363352572181115;0.034363352572181115;7.883;121.952;7.883;121.952
Y114;8.123;121.358;114;Y114;0.02531481779511884;0.02531481779511884;8.141;121.447;8.141;121.447
A115;7.522;120.917;115;A115;0.030665289824164114;0.030665289824164114;7.524;120.764;7.524;120.764
A116;8.095;112.019;116;A116;0.10138264151224276;0.10138264151224276;8.127;112.5;8.127;112.5
E117;9.385;120.919;117;E117;0.19115532950980074;0.19115532950980074;9.451;121.816;9.451;121.816
L118;9.824;130.451;118;L118;0.07310950690573743;0.07310950690573743;9.751;130.471;9.751;130.471
H119;8.897;125.862;119;H119;0.03906097797034849;0.03906097797034849;8.929;125.75;8.929;125.75
L120;8.954;123.68;120;L120;0.03706966414738634;0.03706966414738634;8.981;123.807;8.981;123.807
V121;9.149;126.496;121;V121;0.09065561207117644;0.09065561207117644;9.08;126.202;9.08;126.202
H122;8.468;124.282;122;H122;0.025961509971495073;0.025961509971495073;8.443;124.247;8.443;124.247
W123;9.014;119.261;123;W123;0.11004889822256149;0.11004889822256149;9.038;118.724;9.038;118.724
N124;8.967;119.754;124;N124;0.022821919288262816;0.022821919288262816;8.952;119.668;8.952;119.668
T125;8.135;117.214;125;na;-1.0;-1.0;;;;
K126;7.886;122.819;126;K126;0.06396061288011497;0.06396061288011497;7.937;122.626;7.937;122.626
Y127;7.557;115.51;127;Y127;0.2190935873091685;0.2190935873091685;7.346;115.215;7.346;115.215
G128;7.759;107.339;128;G139;0.11869102746206203;0.18898899438856073;7.865;107.606;7.863;108.128
D129;7.42;116.219;129;L156;0.11477037945393154;0.16164578559306805;7.473;116.728;7.539;116.766
F130;7.467;119.632;130;F130;0.21262116545630955;0.21262116545630955;7.604;120.445;7.604;120.445
G131;8.011;103.858;131;G131;0.052197317938758106;0.052197317938758106;7.982;103.641;7.982;103.641
K132;7.688;119.743;132;K132;0.06341009383371056;0.06341009383371056;7.625;119.707;7.625;119.707
A133;8.007;124.602;133;A133;0.03929376540877588;0.03929376540877588;7.969;124.552;7.969;124.552
V134;7.346;108.016;134;V134;0.16643316977093278;0.16643316977093278;7.334;108.846;7.334;108.846
Q135;6.549;114.017;135;Q135;0.07002742319977281;0.07002742319977281;6.595;114.281;6.595;114.281
Q136;7.496;118.25;136;Q136;0.03616683563708704;0.03616683563708704;7.526;118.351;7.526;118.351
D138;7.834;114.867;138;D138;0.052345009313205605;0.052345009313205605;7.828;115.127;7.828;115.127
G139;7.899;107.602;139;G98;0.027853904573688935;0.034009410462399726;7.915;107.488;7.865;107.606
L140;8.784;115.838;140;S73;0.02972137278121649;0.13881224729828498;8.758;115.766;8.648;115.699
A141;8.829;122.892;141;A141;0.07315763801545122;0.07315763801545122;8.902;122.868;8.902;122.868
V142;7.154;124.132;142;V142;0.15646085772486595;0.15646085772486595;7.166;124.912;7.166;124.912
L143;8.421;128.237;143;L143;0.2998850446421067;0.2998850446421067;8.561;126.911;8.561;126.911
G144;9.876;114.24;144;G144;0.025146769176176496;0.025146769176176496;9.86;114.143;9.86;114.143
I145;9.095;124.278;145;I145;0.1510011920482747;0.1510011920482747;9.246;124.281;9.246;124.281
F146;10.068;128.961;146;F146;0.09620311845257347;0.09620311845257347;10.008;128.585;10.008;128.585
L147;8.178;120.302;147;L147;0.02532113741520922;0.02532113741520922;8.193;120.404;8.193;120.404
K148;8.924;119.265;148;K148;0.025235689013775854;0.025235689013775854;8.9;119.226;8.9;119.226
V149;8.382;121.257;149;V149;0.044918147780156605;0.044918147780156605;8.374;121.478;8.374;121.478
G150;9.07;118.169;150;G150;0.013661625086349532;0.013661625086349532;9.083;118.19;9.083;118.19
S151;8.277;124.482;151;S151;0.015138031576130442;0.015138031576130442;8.266;124.43;8.266;124.43
A152;8.328;121.228;152;A152;0.011539497389401463;0.011539497389401463;8.323;121.176;8.323;121.176
K153;8.665;123.812;153;K153;0.015014659503297705;0.015014659503297705;8.655;123.868;8.655;123.868
L156;7.49;116.712;156;D129;0.05017608992338825;0.01729855485293459;7.539;116.766;7.473;116.728
Q157;7.739;122.349;157;Q157;0.02512846990964613;0.02512846990964613;7.718;122.28;7.718;122.28
K158;8.671;115.458;158;K158;0.019600000000000506;0.019600000000000506;8.671;115.556;8.671;115.556
V159;6.976;113.149;159;V159;0.011016351483136568;0.011016351483136568;6.965;113.152;6.965;113.152
V160;7.234;114.447;160;V160;0.091082380293889;0.091082380293889;7.22;113.997;7.22;113.997
D161;8.33;117.558;161;D161;0.009264987857517457;0.009264987857517457;8.325;117.597;8.325;117.597
V162;7.081;113.913;162;V162;0.012955307792560027;0.012955307792560027;7.079;113.849;7.079;113.849
L163;7.007;121.68;163;L163;0.01655294535724567;0.01655294535724567;6.992;121.715;6.992;121.715
D164;8.126;116.33;164;D164;0.006003332407920245;0.006003332407920245;8.123;116.304;8.123;116.304
S165;7.939;113.533;165;S165;0.004651881339842685;0.004651881339842685;7.941;113.554;7.941;113.554
I166;7.356;116.341;166;I166;0.013152946437965638;0.013152946437965638;7.343;116.351;7.343;116.351
K167;7.333;117.432;167;K167;0.049180890597872826;0.049180890597872826;7.296;117.27;7.296;117.27
T168;6.532;98.595;168;T168;0.0031622776601685928;0.0031622776601685928;6.533;98.61;6.533;98.61
K169;7.431;120.575;169;K169;0.03726714370595183;0.03726714370595183;7.466;120.511;7.466;120.511
G170;8.825;116.86;170;G170;0.09588534820294357;0.09588534820294357;8.73;116.795;8.73;116.795
K171;7.742;120.18;171;K171;0.02441311123146719;0.02441311123146719;7.756;120.28;7.756;120.28
S172;8.291;113.769;172;S172;0.0338904116233506;0.0338904116233506;8.27;113.636;8.27;113.636
A173;8.971;123.462;173;A173;0.03473384516577416;0.03473384516577416;8.963;123.293;8.963;123.293
D174;8.565;122.066;174;D174;0.009899494936609948;0.009899494936609948;8.558;122.031;8.558;122.031
F175;7.939;125.238;175;F175;0.01217538500418046;0.01217538500418046;7.942;125.297;7.942;125.297
T176;8.051;114.91;176;T176;0.027784887978896996;0.027784887978896996;8.037;114.79;8.037;114.79
N177;9.663;115.439;177;N177;0.018400000000003303;0.018400000000003303;9.663;115.531;9.663;115.531
F178;8.201;118.847;178;F178;0.010200000000001723;0.010200000000001723;8.192;118.871;8.192;118.871
D179;7.946;128.082;179;D179;0.020870074269154396;0.020870074269154396;7.93;128.015;7.93;128.015
R181;8.366;118.423;181;R181;0.007665507158694698;0.007665507158694698;8.365;118.385;8.365;118.385
G182;7.246;102.637;182;G182;0.012924395537123037;0.012924395537123037;7.234;102.613;7.234;102.613
L183;7.184;117.289;183;L183;0.026584958153061566;0.026584958153061566;7.198;117.402;7.198;117.402
L184;6.587;113.173;184;L184;0.029599999999999262;0.029599999999999262;6.559;113.125;6.559;113.125
E186;8.155;116.232;186;E186;0.010781465577556309;0.010781465577556309;8.148;116.191;8.148;116.191
S187;7.55;111.345;187;S187;0.0010770329614268647;0.0010770329614268647;7.551;111.347;7.551;111.347
L188;8.597;125.618;188;L188;0.009620810776645951;0.009620810776645951;8.59;125.585;8.59;125.585
D189;7.365;121.941;189;D189;0.015047923444781262;0.015047923444781262;7.359;122.01;7.359;122.01
Y190;8.712;118.886;190;Y190;0.010007996802557192;0.010007996802557192;8.722;118.884;8.722;118.884
W191;9.499;117.162;191;W191;0.027961401967710645;0.027961401967710645;9.516;117.273;9.516;117.273
T192;9.626;115.126;192;T192;0.06952093209962193;0.06952093209962193;9.584;114.849;9.584;114.849
Y193;8.002;125.615;193;Y193;0.11038496274402505;0.11038496274402505;8.104;125.826;8.104;125.826
G195;9.366;110.585;195;G195;0.11904856152008211;0.11904856152008211;9.307;111.102;9.307;111.102
S196;8.669;120.562;196;S196;0.0787118796624739;0.0787118796624739;8.718;120.254;8.718;120.254
T199;6.937;108.233;199;T199;0.2399184027956181;0.2399184027956181;6.704;108.519;6.704;108.519
L202;9.118;120.485;202;L202;0.0966207017155213;0.0966207017155213;9.12;120.968;9.12;120.968
L203;5.923;110.983;203;L203;0.13294359706281628;0.13294359706281628;5.83;110.508;5.83;110.508
E204;8.735;124.791;204;E204;0.12194490559264587;0.12194490559264587;8.651;124.349;8.651;124.349
C205;7.574;114.733;205;C205;0.06828001171646082;0.06828001171646082;7.533;114.46;7.533;114.46
V206;7.236;118.964;206;V206;0.0904488805900879;0.0904488805900879;7.326;119.009;7.326;119.009
T207;8.387;124.957;207;Y88;0.08669232953381628;0.07433034373659347;8.467;124.79;8.314;125.027
W208;8.204;129.39;208;W208;0.11935895441901646;0.11935895441901646;8.114;129.782;8.114;129.782
I209;8.704;127.166;209;I209;0.1321770025382627;0.1321770025382627;8.811;127.554;8.811;127.554
V210;9.67;128.44;210;V210;0.0976370831190682;0.0976370831190682;9.588;128.175;9.588;128.175
L211;8.911;126.588;211;L211;0.10897871351782472;0.10897871351782472;9.014;126.766;9.014;126.766
K212;7.336;122.285;212;K212;0.05135017039894029;0.05135017039894029;7.296;122.124;7.296;122.124
E213;8.845;121.558;213;E213;0.018532134253773955;0.018532134253773955;8.854;121.639;8.854;121.639
I215;8.865;113.343;215;I215;0.03456067128977605;0.03456067128977605;8.894;113.437;8.894;113.437
S216;8.037;116.663;216;S216;0.018139459749398255;0.018139459749398255;8.022;116.714;8.022;116.714
V217;8.486;115.844;217;V217;0.0339611542795608;0.0339611542795608;8.503;115.991;8.503;115.991
S218;8.361;115.955;218;S218;0.006708203932499624;0.006708203932499624;8.364;115.925;8.364;115.925
S219;9.246;117.277;219;S219;0.020003999600080386;0.020003999600080386;9.25;117.375;9.25;117.375
E220;8.281;118.332;220;E220;0.03490902462114796;0.03490902462114796;8.274;118.161;8.274;118.161
Q221;7.477;117.979;221;Q221;0.018027756377320597;0.018027756377320597;7.478;117.889;7.478;117.889
V222;7.312;114.783;222;V222;0.04851762566326014;0.04851762566326014;7.277;114.615;7.277;114.615
L223;7.962;120.889;223;L223;0.058280013726832815;0.058280013726832815;7.927;120.656;7.927;120.656
K224;6.856;115.04;224;K224;0.010001999800039697;0.010001999800039697;6.846;115.041;6.846;115.041
F225;7.059;118.734;225;F225;0.016886681142248755;0.016886681142248755;7.043;118.761;7.043;118.761
R226;6.634;109.04;226;R226;0.03854400083022047;0.03854400083022047;6.604;108.919;6.604;108.919
K227;6.796;114.101;227;K227;0.009486832980505497;0.009486832980505497;6.787;114.086;6.787;114.086
L228;7.049;119.274;228;L228;0.01405133445619965;0.01405133445619965;7.063;119.28;7.063;119.28
N229;8.856;118.409;229;N229;0.02396330528119861;0.02396330528119861;8.876;118.475;8.876;118.475
F230;8.83;117.176;230;F230;0.03155693267730306;0.03155693267730306;8.814;117.312;8.814;117.312
N231;8.11;110.676;231;N231;0.030662028634777683;0.030662028634777683;8.118;110.528;8.118;110.528
G232;8.624;104.791;232;G232;0.019945926902501184;0.019945926902501184;8.615;104.702;8.615;104.702
E233;8.34;121.351;233;E233;0.013548431643549935;0.013548431643549935;8.333;121.293;8.333;121.293
E235;7.3;119.92;235;E235;0.004999999999999893;0.004999999999999893;7.295;119.92;7.295;119.92
E237;8.205;123.39;237;E237;0.04159278783635591;0.04159278783635591;8.165;123.333;8.165;123.333
E238;8.975;130.017;238;E238;0.024528350943346176;0.024528350943346176;8.995;130.088;8.995;130.088
L239;8.688;125.973;239;L239;0.024084019598065037;0.024084019598065037;8.666;125.924;8.666;125.924
M240;8.604;122.959;240;A23;0.010928860873851545;0.06301396670580355;8.613;122.99;8.569;123.221
V241;6.679;114.894;241;V241;0.04176553603151622;0.04176553603151622;6.646;114.766;6.646;114.766
D242;7.101;114.766;242;D242;0.008944271909995393;0.008944271909995393;7.105;114.806;7.105;114.806
N243;8.351;119.295;243;N243;0.08868393315589876;0.08868393315589876;8.438;119.381;8.438;119.381
W244;6.425;114.177;244;W244;0.11253888216967552;0.11253888216967552;6.342;113.797;6.342;113.797
R245;10.399;127.049;245;R245;0.2656990779058149;0.2656990779058149;10.639;127.619;10.639;127.619
A247;7.94;120.31;247;A247;0.018439088914585577;0.018439088914585577;7.954;120.37;7.954;120.37
Q248;8.647;122.031;248;Q248;0.09379211054241138;0.09379211054241138;8.737;122.163;8.737;122.163
L250;8.634;125.901;250;L250;0.023732677893570534;0.023732677893570534;8.629;125.785;8.629;125.785
K251;8.816;114.49;251;K251;0.01135077089893129;0.01135077089893129;8.805;114.504;8.805;114.504
R253;7.242;118.48;253;R253;0.02998266165636384;0.02998266165636384;7.263;118.587;7.263;118.587
Q254;8.541;118.301;254;Q254;0.02236067977499742;0.02236067977499742;8.531;118.201;8.531;118.201
I255;8.859;124.379;255;I255;0.008772684879783194;0.008772684879783194;8.851;124.397;8.851;124.397
K256;8.734;126.538;256;K256;0.026570660511173294;0.026570660511173294;8.709;126.583;8.709;126.583
A257;8.329;123.621;257;A257;0.010283968105746099;0.010283968105746099;8.319;123.609;8.319;123.609
S258;8.915;116.498;258;S258;0.02302086010556567;0.02302086010556567;8.895;116.441;8.895;116.441
F259;6.6;117.942;259;F259;0.012343419299368212;0.012343419299368212;6.611;117.97;6.611;117.97
K260;7.702;124.393;260;K260;0.005730619512756215;0.005730619512756215;7.697;124.379;7.697;124.379
